<?xml version="1.0" encoding="UTF-8"?>
<project-private xmlns="http://www.netbeans.org/ns/project-private/1">
    <editor-bookmarks xmlns="http://www.netbeans.org/ns/editor-bookmarks/2" lastBookmarkId="0"/>
    <open-files xmlns="http://www.netbeans.org/ns/projectui-open-files/2">
        <group>
            <file>file:/C:/Users/Sonny/Documents/NetBeansProjects/DonorStory/test/model/CarePackageTest.java</file>
            <file>file:/C:/Users/Sonny/Documents/NetBeansProjects/DonorStory/src/view/DonorView.java</file>
            <file>file:/C:/Users/Sonny/Documents/NetBeansProjects/DonorStory/src/DonorMVCTest.java</file>
            <file>file:/C:/Users/Sonny/Documents/NetBeansProjects/DonorStory/src/model/Cart.java</file>
            <file>file:/C:/Users/Sonny/Documents/NetBeansProjects/DonorStory/src/controller/DonorController.java</file>
            <file>file:/C:/Users/Sonny/Documents/NetBeansProjects/DonorStory/test/model/InventoryTest.java</file>
            <file>file:/C:/Users/Sonny/Documents/NetBeansProjects/DonorStory/test/model/ItemTest.java</file>
            <file>file:/C:/Users/Sonny/Documents/NetBeansProjects/DonorStory/src/model/Inventory.java</file>
        </group>
    </open-files>
</project-private>
